algorithm,nodes,arcs,time(s),memPeak(MB),memAvg(MB),CO2eq(kg),CO2eRate (kg/s),cpuEnergy(kW),ramEnergy(kW),totEnergy(kW),cpuCount
HPF-H-F,49544354,300838741,129.405,19597.98,17612.21,5.6e-05,2.697180684721026e-07,0.0127425805529451,0.0109275878769032,0.0236701684298484,8
HPF-H-L,49544354,300838741,106.24,19598.04,17396.15,4.6e-05,2.5148209763494184e-07,0.0097217182718128,0.0095344485493063,0.0192561668211192,8
HPF-L-F,49544354,300838741,63.227,19597.98,16698.17,3.1e-05,2.2738424473178025e-07,0.0059770009788191,0.0072350824445452,0.0132120834233644,8
HPF-L-L,49544354,300838741,44.331,19597.99,16218.57,2.7e-05,2.291902313798876e-07,0.0052328565940597,0.006225027542915,0.0114578841369747,8
HPF-H-F,3582362,27361716,2.511,1651.01,1310.32,2e-06,2.1895649708239245e-07,0.0004162585921732,0.0005488121395767,0.00096507073175,8
HPF-H-F,903962,6857076,0.524,415.47,323.5,1e-06,2.1902155992730282e-07,9.997693581481616e-05,0.0001316833204814,0.0002316602562962,8
HPF-H-L,3582362,27361716,2.37,1650.88,1306.02,2e-06,2.186742534471588e-07,0.0004070227008956,0.0005382469943997,0.0009452696952954,8
HPF-H-L,903962,6857076,0.512,415.46,323.43,1e-06,2.1898431441240266e-07,9.592449673953564e-05,0.0001263941227207,0.0002223186194603,8
HPF-L-F,3582362,27361716,4.199,1650.95,1360.62,3e-06,2.1836688780454866e-07,0.0004767550402926,0.0006325316988717,0.0011092867391643,8
HPF-L-F,903962,6857076,0.796,415.46,334.04,1e-06,2.176202939479852e-07,0.0001062955214252,0.0001421200584574,0.0002484155798827,8
HPF-L-L,3582362,27361716,2.9,1650.93,1324.38,2e-06,2.186859026888329e-07,0.0004267866297623,0.0005643131816278,0.0009910998113902,8
HPF-L-L,903962,6857076,0.658,415.45,330.16,1e-06,2.187570749214289e-07,0.0001036892398957,0.0001369603169353,0.0002406495568311,8
HPF-H-F,185944,5087270,4.776,256.11,238.85,2e-06,2.5963760602128976e-07,0.0003447933316677,0.0003177104491793,0.0006625037808471,8
HPF-H-F,185944,6364346,2.714,312.59,275.03,1e-06,2.604034872580748e-07,0.0002442395467803,0.000223774037688,0.0004680135844684,8
HPF-H-F,185944,3312418,0.835,175.22,127.87,2e-06,2.6091157550834457e-07,0.0004043286987404,0.000369095534189,0.0007734242329295,8
HPF-H-F,185938,6527854,2.616,320.3,281.12,1e-06,2.597739645757757e-07,0.0002434640117154,0.0002241017995037,0.0004675658112192,8
HPF-H-F,185944,6022322,3.498,298.45,269.45,1e-06,2.595605803878896e-07,0.0002824568798542,0.0002604100782739,0.0005428669581281,8
HPF-H-F,185944,5804998,3.048,288.87,258.44,1e-06,2.600925455666013e-07,0.0002550437507015,0.0002341923675514,0.0004892361182529,8
HPF-H-F,185944,6904190,30.909,342.03,335.39,9e-06,2.62591441670742e-07,0.0018988243085026,0.0017123795358957,0.0036112038443983,8
HPF-H-F,188321,3564218,6.793,186.51,179.92,2e-06,2.602641211421255e-07,0.000442576634061,0.0004059385848666,0.0008485152189276,8
HPF-H-F,188321,4030834,5.051,207.9,196.83,1e-06,2.0264202821193566e-07,0.0001988354382348,0.0003168737042979,0.0005157091425328,8
HPF-H-F,188321,3663790,7.625,191.21,185.02,2e-06,2.020309787097153e-07,0.0002787212638101,0.0004477085531559,0.000726429816966,8
HPF-H-F,188321,3474670,6.641,182.47,155.26,3e-06,2.0351640153667286e-07,0.0004337023244615,0.0006835838518088,0.0011172861762704,8
HPF-H-F,188319,3771804,3.393,196.14,183.3,1e-06,2.2962466579858615e-07,0.0001923769469569,0.0002278679694697,0.0004202449164267,8
HPF-H-F,188321,3664954,6.418,191.5,183.29,2e-06,2.5948735290345136e-07,0.0004231440915705,0.0003903512844477,0.0008134953760183,8
HPF-H-F,188321,3595928,6.112,188.11,180.55,2e-06,2.597614208986739e-07,0.0004014343655916,0.0003695699115016,0.0007710042770933,8
HPF-H-F,188321,3851734,7.752,199.9,192.04,2e-06,2.601621504977468e-07,0.0005055205371938,0.0004640319033325,0.0009695524405264,8
HPF-H-F,188265,3739682,4.366,194.86,183.13,1e-06,2.598579250430895e-07,0.0003049379195056,0.0002805230519007,0.0005854609714064,8
HPF-H-F,188311,4121590,4.7,212.05,199.74,1e-06,2.599955972029067e-07,0.0003279014750987,0.000301346411329,0.0006292478864277,8
HPF-H-F,188321,3473044,8.35,182.48,158.31,3e-06,2.117779440735958e-07,0.0005414994606992,0.000772693141637,0.0013141926023363,8
HPF-H-F,188321,3793452,7.545,197.14,190.37,2e-06,2.02058186428853e-07,0.0002755486279387,0.0004424560092694,0.0007180046372082,8
HPF-H-F,188321,3504376,7.389,183.98,177.84,2e-06,2.0318026625327205e-07,0.0002729251380621,0.0004319932451694,0.0007049183832316,8
HPF-H-F,188321,3738814,7.328,194.52,187.98,2e-06,2.039298207243596e-07,0.0002755652090631,0.0004320539145122,0.0007076191235753,8
HPF-H-F,188321,3480250,6.143,182.7,154.34,3e-06,2.0346213824339293e-07,0.0004167197628199,0.00065726786874,0.00107398763156,8
HPF-H-F,188321,4000072,8.486,206.7,199.75,2e-06,2.032962397079653e-07,0.0003131828391571,0.0004949906022358,0.000808173441393,8
HPF-H-F,188315,3543916,4.818,185.8,176.89,1e-06,2.0196073820993565e-07,0.0001871583144487,0.0003008755308085,0.0004880338452572,8
HPF-H-F,188321,3647188,6.682,190.39,183.44,2e-06,2.019866485865362e-07,0.0002459212828479,0.0003952412984143,0.0006411625812622,8
HPF-H-F,188321,4310824,19.323,224.45,219.08,4e-06,2.050659648004547e-07,0.0006897816362693,0.0010662918980612,0.0017560735343305,8
HPF-H-F,192881,7576174,3.618,370.9,330.66,1e-06,2.023739893072156e-07,0.0001760123652542,0.0002814597425931,0.0004574721078474,8
HPF-H-F,190120,7476752,1.209,365.25,293.9,1e-06,2.0395909015947485e-07,9.929278387860868e-05,0.0001555743157016,0.0002548670995802,8
HPF-H-F,192727,8388798,2.214,406.18,343.0,1e-06,2.026551797719029e-07,0.0001373864362979,0.0002188915293359,0.0003562779656339,8
HPF-H-F,192881,8529240,2.692,413.68,355.94,1e-06,2.0330177191281786e-07,0.0001551520943993,0.000245176228604,0.0004003283230034,8
HPF-H-F,192881,8192046,3.68,398.49,353.26,1e-06,2.029207585174967e-07,0.0001840958131098,0.0002923284467891,0.000476424259899,8
HPF-H-F,192881,8200770,3.611,397.46,352.72,1e-06,2.0713589458526125e-07,0.0001942857162617,0.0002927802198386,0.0004870659361004,8
HPF-H-F,192859,7474342,2.15,366.0,311.24,1e-06,2.189429059912387e-07,0.0001537210938101,0.0002026711846634,0.0003563922784735,8
HPF-H-F,192881,7094782,2.62,348.98,304.57,1e-06,2.1267517256196258e-07,0.0001584030245,0.0002236950101868,0.0003820980346869,8
HPF-H-F,76570,2326702,0.029,110.77,90.4,1e-06,2.22183103114504e-07,0.0001119727812448,0.0001427208697811,0.000254693651026,8
HPF-H-F,192857,9821482,2.46,467.87,390.77,1e-06,2.233435433579117e-07,0.0002114060135691,0.0002663299599536,0.0004777359735227,8
HPF-H-F,192881,7932216,3.231,387.42,340.16,1e-06,2.24293304527718e-07,0.0002176244338216,0.0002715040133461,0.0004891284471677,8
HPF-H-F,192881,10329030,10.851,493.61,463.79,3e-06,2.210435392170189e-07,0.0005396588639489,0.0006961399205391,0.0012357987844881,8
HPF-H-F,192881,7336978,2.801,360.01,312.83,1e-06,2.187240453276233e-07,0.0001850515033188,0.0002445548486497,0.0004296063519686,8
HPF-H-F,192881,7209104,3.454,354.41,314.99,1e-06,2.190772187989375e-07,0.0002057289909719,0.0002708714811227,0.0004766004720947,8
HPF-H-F,192879,8856946,1.968,425.83,353.99,1e-06,2.1874524474313745e-07,0.0001617978449937,0.000213771039305,0.0003755688842988,8
HPF-H-F,192881,7097152,3.282,348.99,310.76,1e-06,2.1826488170149045e-07,0.0001960346923831,0.0002603306636278,0.000456365356011,8
HPF-H-F,192881,6409486,1.523,317.23,264.56,1e-06,2.2095627354906546e-07,0.0001242274154929,0.000160354655282,0.0002845820707749,8
HPF-H-F,192881,7980326,2.746,388.21,336.84,1e-06,2.200743526600228e-07,0.0001878158316414,0.0002446996408193,0.0004325154724607,8
HPF-H-F,192881,8907790,2.782,429.94,369.13,1e-06,2.2020556585553334e-07,0.0001984598693233,0.0002582131062467,0.00045667297557,8
HPF-H-F,192881,9411132,2.258,449.08,378.27,1e-06,2.206333565095483e-07,0.0001813351470124,0.000234882796661,0.0004162179436734,8
HPF-H-F,192881,7104822,3.894,349.53,315.22,1e-06,2.196561068303964e-07,0.0002231679760342,0.0002920275353413,0.0005151955113755,8
HPF-H-L,185944,5087270,4.101,256.38,237.48,1e-06,2.1867611767742574e-07,0.0002121915514197,0.0002805739052485,0.0004927654566683,8
HPF-H-L,185944,6364346,2.725,312.62,276.56,1e-06,2.1992164778747805e-07,0.0001670083561065,0.0002179335581659,0.0003849419142724,8
HPF-H-L,185938,6527854,2.582,320.41,281.54,1e-06,2.198939414942059e-07,0.0001671616898403,0.0002181488106961,0.0003853105005364,8
HPF-H-L,185944,6022322,3.091,298.67,267.89,1e-06,2.1972725901070245e-07,0.0001826847505921,0.0002388815657436,0.0004215663163358,8
HPF-H-L,185944,5804998,2.932,289.11,259.66,1e-06,2.196817506718434e-07,0.0001745718702129,0.0002283808364723,0.0004029527066853,8
HPF-H-L,185944,6904190,2.805,336.89,296.68,1e-06,2.20596918775795e-07,0.0001805932661411,0.00023399975675,0.0004145930228911,8
HPF-H-L,188321,3564218,6.455,186.5,179.62,2e-06,2.190824362458878e-07,0.0002921896984737,0.0003847099472351,0.0006768996457089,8
HPF-H-L,188321,4030834,4.023,207.96,194.23,1e-06,2.199387514547216e-07,0.0001989675113961,0.0002596024816523,0.0004585699930484,8
HPF-H-L,188321,3663790,6.0,191.15,183.58,2e-06,2.190470697282556e-07,0.000276283167693,0.0003639015615701,0.0006401847292631,8
HPF-H-L,188321,3474670,7.031,182.44,176.46,2e-06,2.1948388951516618e-07,0.0003133805926487,0.0004108693489495,0.0007242499415982,8
HPF-H-L,188319,3771804,2.164,196.36,177.73,1e-06,2.1943607187630138e-07,0.0001215658803081,0.0001594332380778,0.000280999118386,8
HPF-H-L,188321,3664954,5.183,191.42,182.4,1e-06,2.190901213106164e-07,0.0002405236143631,0.0003166491602916,0.0005571727746548,8
HPF-H-L,188321,3595928,5.726,188.14,180.2,1e-06,2.1870919300100065e-07,0.0002633325987214,0.0003480734695502,0.0006114060682716,8
HPF-H-L,188321,3851734,4.921,199.98,190.07,1e-06,2.190526513557905e-07,0.0002324676829184,0.000306163667043,0.0005386313499614,8
HPF-H-L,188265,3739682,3.231,194.56,180.3,1e-06,2.191805891764541e-07,0.0001690739858146,0.0002223594229367,0.0003914334087513,8
HPF-H-L,188311,4121590,3.599,212.12,197.32,1e-06,2.197632643913023e-07,0.0001863888660554,0.0002436207305971,0.0004300095966525,8
HPF-H-L,188321,3473044,7.867,182.39,176.87,2e-06,2.1951066328259722e-07,0.000349711230602,0.0004583786395612,0.0008080898701633,8
HPF-H-L,188321,3793452,6.825,197.07,189.67,2e-06,2.203775134739966e-07,0.0003123524740484,0.0004057047743612,0.0007180572484097,8
HPF-H-L,188321,3504376,6.997,184.04,177.58,2e-06,2.196575837054433e-07,0.0003158973899399,0.0004133829305234,0.0007292803204633,8
HPF-H-L,188321,3738814,7.066,194.55,187.81,2e-06,2.2072846804053785e-07,0.0003215865683801,0.0004161739325954,0.0007377605009755,8
HPF-H-L,188321,3480250,7.564,182.7,177.01,2e-06,2.1934015112326402e-07,0.00033689612535,0.0004423729479688,0.0007792690733188,8
HPF-H-L,188321,4000072,5.119,206.71,196.12,1e-06,2.1868354823691094e-07,0.000243956581554,0.000322556253703,0.000566512835257,8
HPF-H-L,188315,3543916,4.51,185.79,176.2,1e-06,2.197072644989675e-07,0.0002139691467307,0.0002798588737089,0.0004938280204396,8
HPF-H-L,188321,3647188,6.573,190.45,183.39,2e-06,2.1950300836601178e-07,0.0002975002224444,0.0003899675989357,0.0006874678213801,8
HPF-H-L,188321,4310824,10.422,223.46,215.74,3e-06,2.2116170649659858e-07,0.000465597833589,0.0005998640052773,0.0010654618388664,8
HPF-H-L,192881,7576174,3.079,370.85,326.75,1e-06,2.1938000776062041e-07,0.0001985183104811,0.0002605411705116,0.0004590594809928,8
HPF-H-L,190120,7476752,1.189,365.43,293.59,1e-06,2.2281486072514374e-07,0.0001229414239086,0.0001556839900878,0.0002786254139964,8
HPF-H-L,192727,8388798,2.049,406.23,340.53,1e-06,2.1995136073087722e-07,0.0001598698323402,0.0002085526765613,0.0003684225089015,8
HPF-H-L,192881,8529240,2.722,414.21,357.24,1e-06,2.2016241916221729e-07,0.0001924505281269,0.0002505093111054,0.0004429598392324,8
HPF-H-L,192881,8192046,3.531,399.2,353.63,1e-06,2.2007654289576805e-07,0.0002203478176669,0.0002870778760925,0.0005074256937595,8
HPF-H-L,192881,8200770,3.804,398.96,355.55,1e-06,2.1927439594119894e-07,0.0002304257385071,0.000302756605136,0.0005331823436431,8
HPF-H-L,192859,7474342,2.186,366.29,312.97,1e-06,2.196053288315531e-07,0.0001588961029501,0.0002080363752093,0.0003669324781594,8
HPF-H-L,192881,7094782,3.636,348.97,313.14,1e-06,2.200114769507173e-07,0.0002116946076888,0.0002760013500495,0.0004876959577384,8
HPF-H-L,192857,9821482,2.768,468.89,400.79,1e-06,2.1974520974343402e-07,0.0001999866102669,0.0002614624378533,0.0004614490481202,8
HPF-H-L,192881,7932216,3.226,387.66,340.5,1e-06,2.228557627275785e-07,0.0002107801330684,0.0002668515189823,0.0004776316520507,8
HPF-H-L,192881,10329030,3.659,488.72,427.07,1e-06,2.2074508857805934e-07,0.0002467112118132,0.0003192092367117,0.0005659204485249,8
HPF-H-L,192881,7336978,2.821,360.27,315.14,1e-06,2.197976880430909e-07,0.000183704120852,0.0002400388540628,0.0004237429749149,8
HPF-H-L,192881,7209104,2.968,354.34,312.57,1e-06,2.196398231646578e-07,0.0001873987757522,0.0002452555932959,0.0004326543690482,8
HPF-H-L,192879,8856946,2.168,426.01,357.79,1e-06,2.201292825287833e-07,0.0001722298705615,0.0002242622523064,0.000396492122868,8
HPF-H-L,192881,7097152,2.736,348.95,305.77,1e-06,2.2029830760358417e-07,0.0001760133655328,0.0002287827427689,0.0004047961083017,8
HPF-H-L,192881,6409486,1.734,317.24,268.15,1e-06,2.228234919814817e-07,0.0001360949174869,0.0001723437191749,0.0003084386366619,8
HPF-H-L,192881,7980326,2.696,388.72,337.13,1e-06,2.1938378399912505e-07,0.0001867218799329,0.0002450464976175,0.0004317683775504,8
HPF-H-L,192881,8907790,2.873,430.66,370.21,1e-06,2.203643085338234e-07,0.0001968347266343,0.0002556781442869,0.0004525128709212,8
HPF-H-L,192881,9411132,2.396,449.47,380.07,1e-06,2.202226587348276e-07,0.0001850894466825,0.0002407758529499,0.0004258652996324,8
HPF-H-L,192881,7104822,3.372,349.53,312.11,1e-06,2.1895674813532538e-07,0.000201446788935,0.0002655701944523,0.0004670169833874,8
HPF-L-F,190120,7476752,1.229,351.34,289.32,1e-06,2.205491217984127e-07,0.0001199911929373,0.0001555441308928,0.0002755353238301,8
HPF-L-F,192857,9821482,0.34,453.09,339.18,1e-06,2.240204247231668e-07,0.0001169808766401,0.0001463474677886,0.0002633283444288,8
HPF-L-F,192881,10329030,0.442,473.71,352.04,1e-06,2.2110075163803489e-07,0.000113277218955,0.0001459991623194,0.0002592763812744,8
HPF-L-F,192879,8856946,0.378,409.26,304.0,1e-06,2.214791521472977e-07,9.759334751906212e-05,0.0001252862640555,0.0002228796115745,8
HPF-L-F,192881,8907790,0.194,413.73,300.98,1e-06,2.2092200319615802e-07,9.241593087712384e-05,0.0001193228223372,0.0002117387532143,8
HPF-L-F,192881,9411132,0.398,435.04,324.38,1e-06,2.2114130056835345e-07,0.0001050732098918,0.0001353693889314,0.0002404425988233,8
HPF-L-L,190120,7476752,1.247,352.02,289.45,1e-06,2.2165024924411106e-07,0.0001214704621762,0.0001556759100004,0.0002771463721767,8
HPF-L-L,192857,9821482,0.337,453.68,335.46,1e-06,2.2070439881946626e-07,0.0001048614691668,0.0001357055805138,0.0002405670496807,8
HPF-L-L,192881,10329030,0.272,473.03,343.8,1e-06,2.2081860164208882e-07,0.0001054157859992,0.0001362603590673,0.0002416761450666,8
HPF-L-L,192879,8856946,0.299,409.82,305.7,1e-06,2.2041815954181945e-07,9.608600214651776e-05,0.0001247147383655,0.000220800740512,8
HPF-L-L,192881,8907790,0.16,413.65,299.43,1e-06,2.2669284121366042e-07,9.85258782650834e-05,0.0001200257399899,0.000218551618255,8
HPF-L-L,192881,9411132,0.426,435.36,324.47,1e-06,2.215747981829496e-07,0.0001055396194316,0.0001353571126935,0.0002408967321251,8
HPF-H-F,248322,1516966,0.127,98.65,90.4,6.6e-05,3.4260045333557906e-05,9.294369768822476e-05,0.0001010663330965,0.0001940100307847,8
HPF-H-F,159938,1230776,0.119,89.99,89.99,4.4e-05,3.336566500094022e-05,6.027473849752607e-05,6.930445851584892e-05,0.0001295791970133,8
HPF-H-F,1279490,7309976,0.701,485.33,388.33,9.2e-05,3.35024748217398e-05,0.0001256154541033,0.0001432217977365,0.0002688372518399,8
HPF-H-F,3528450,32295420,3.154,1874.17,1496.78,0.000401,3.405827133719407e-05,0.0005599731932559,0.0006167225644604,0.0011766957577163,8
HPF-H-F,305966,2507100,0.258,150.52,111.79,0.000154,3.386712296244312e-05,0.0002137016776278,0.0002381418693312,0.0004518435469591,8
HPF-H-F,15522,94334,0.005,89.53,89.53,3e-06,3.335692153391566e-05,4.781163547143419e-06,5.46258869412668e-06,1.0243752241270098e-05,8
HPF-H-F,2006210,16482732,1.464,981.15,780.42,0.000197,3.354446487042676e-05,0.0002705990248123,0.0003077575048774,0.0005783565296898,8
HPF-H-F,97526,730938,0.065,89.87,89.87,1.9e-05,3.789071464746431e-05,3.0188359150667976e-05,2.685531329444189e-05,5.7043672445109865e-05,8
HPF-H-L,248322,1516966,0.136,98.69,91.62,1.9e-05,3.542936916586413e-05,2.7241959849100272e-05,2.762116071625087e-05,5.486312056535114e-05,8
HPF-H-L,159938,1230776,0.12,89.86,89.86,1.7e-05,3.3439317537566766e-05,2.388911800017824e-05,2.7309596541061864e-05,5.1198714541240094e-05,8
HPF-H-L,1279490,7309976,0.789,485.42,389.72,9.2e-05,3.362387042859619e-05,0.0001263816983275,0.0001429924081754,0.0002693741065029,8
HPF-H-L,3528450,32295420,3.027,1874.22,1494.86,0.000389,3.361308968013795e-05,0.0005348508789914,0.0006056916215999,0.0011405425005914,8
HPF-H-L,305966,2507100,0.259,150.42,120.79,3.2e-05,3.3694575578446686e-05,4.384149257316561e-05,4.935101353963916e-05,9.319250611280475e-05,8
HPF-H-L,15522,94334,0.005,89.96,89.96,3e-06,3.302714987802142e-05,4.691204864071263e-06,5.472579528668575e-06,1.016378439273984e-05,8
HPF-H-L,2006210,16482732,1.47,981.16,779.04,0.000195,3.3703384443528924e-05,0.000268677047997,0.0003025074836767,0.0005711845316737,8
HPF-H-L,97526,730938,0.063,90.0,90.0,1e-05,3.3311643007902674e-05,1.4205415808765665e-05,1.6356369884832135e-05,3.05617856935978e-05,8
HPF-L-F,248322,1516966,0.186,98.59,93.54,2.1e-05,3.375755641972826e-05,2.930284233114422e-05,3.283802483481963e-05,6.214086716596384e-05,8
HPF-L-F,159938,1230776,0.124,91.0,91.0,1.8e-05,3.3944045129008446e-05,2.464791944055411e-05,2.729361120579484e-05,5.194153064634895e-05,8
HPF-L-F,1279490,7309976,0.889,485.45,393.43,9.8e-05,3.463541872140154e-05,0.0001392718258618,0.000148079391445,0.0002873512173068,8
HPF-L-F,3528450,32295420,3.826,1874.16,1522.52,0.000415,3.3879773395600483e-05,0.0005767894850423,0.0006423208059757,0.001219110291018,8
HPF-L-F,305966,2507100,0.56,150.49,128.34,4.2e-05,3.3720509663342694e-05,5.7855071839571504e-05,6.503361403150905e-05,0.000122888685871,8
HPF-L-F,15522,94334,0.003,89.37,89.37,3e-06,3.33649512939595e-05,4.788792719923052e-06,5.467509180138563e-06,1.0256301900061616e-05,8
HPF-L-F,2006210,16482732,2.106,981.18,801.99,0.000221,3.408019572709156e-05,0.0003085977335446,0.0003393940569273,0.000647991790472,8
HPF-L-F,97526,730938,0.066,91.11,91.11,1.1e-05,3.5002361516716405e-05,1.579327680129028e-05,1.6390551027508596e-05,3.218382782879888e-05,8
HPF-L-L,248322,1516966,0.165,98.61,93.57,2.1e-05,3.360075674419633e-05,2.903171100313018e-05,3.285991725100957e-05,6.189162825413975e-05,8
HPF-L-L,159938,1230776,0.104,91.12,91.12,1.4e-05,3.3570943569609245e-05,1.943662832706861e-05,2.202289648904525e-05,4.145952481611386e-05,8
HPF-L-L,1279490,7309976,0.83,485.33,391.55,9.1e-05,3.332434376597536e-05,0.0001237858098619,0.0001427653414834,0.0002665511513453,8
HPF-L-L,3528450,32295420,4.107,1874.23,1528.86,0.000432,3.399675425750313e-05,0.0006015041189806,0.0006649889979792,0.0012664931169599,8
HPF-L-L,305966,2507100,0.565,150.47,128.38,4.4e-05,3.517708573284604e-05,6.3315470652336e-05,6.518731053239293e-05,0.0001285027811847,8
HPF-L-L,15522,94334,0.002,91.0,91.0,4e-06,3.3481301495778654e-05,4.821751912954006e-06,5.466122951845876e-06,1.0287874864799884e-05,8
HPF-L-L,2006210,16482732,1.769,981.22,788.33,0.000205,3.372328470651558e-05,0.0002836773774972,0.0003189991419498,0.0006026765194471,8
HPF-L-L,97526,730938,0.06,91.03,91.03,1e-05,3.326294200238226e-05,1.4206229698308016e-05,1.6406773645095996e-05,3.061300334340401e-05,8
HPF-H-F,319382,2205290,0.268,137.79,104.38,1e-06,2.29990635504364e-07,0.0001480766573501,0.0001747644359417,0.0003228410932919,8
HPF-H-F,321509,2213815,0.292,138.34,104.93,1e-06,2.280236316735725e-07,0.000145235034799,0.0001746777279865,0.0003199127627855,8
HPF-H-F,319374,2173216,0.238,136.24,102.61,1e-06,2.246806330725081e-07,0.0001320958842877,0.0001641734644574,0.0002962693487452,8
HPF-H-F,315588,2147965,0.334,134.78,103.53,1e-06,2.2928374781799135e-07,0.0001426321613278,0.0001694802460869,0.0003121124074148,8
HPF-H-F,315628,2162357,0.263,135.22,102.89,1e-06,2.309431040698764e-07,0.0001448504803247,0.0001694355121252,0.00031428599245,8
HPF-H-F,314933,2135638,0.261,133.97,102.01,1e-06,2.3034761957452306e-07,0.0001395659977638,0.0001641680069641,0.0003037340047279,8
HPF-H-F,312744,2123475,0.255,133.21,101.5,1e-06,2.3094736958137334e-07,0.0001404443767998,0.0001642727233986,0.0003047171001985,8
HPF-H-F,308885,2091243,0.273,131.41,100.21,1e-06,2.300545805762902e-07,0.0001391755093958,0.0001641647599429,0.0003033402693387,8
HPF-H-F,310870,2107684,0.296,132.44,101.13,1e-06,2.2484985104068733e-07,0.0001280679780098,0.0001588985161246,0.0002869664941344,8
HPF-H-F,278747,1812736,0.172,115.16,93.34,1e-06,2.241197433160853e-07,9.769554732304286e-05,0.000122089746498,0.000219785293821,8
HPF-H-F,322862,2214173,0.263,138.61,105.17,1e-06,2.2172388416587521e-07,0.0001323106089039,0.000169445003418,0.000301755612322,8
HPF-H-F,319322,2172548,0.288,136.28,103.71,1e-06,2.28368835456729e-07,0.0001413627850345,0.0001694538328181,0.0003108166178527,8
HPF-H-F,320287,2177425,0.278,136.5,103.91,1e-06,2.287388818616959e-07,0.000142054668088,0.0001696756168564,0.0003117302849444,8
HPF-H-F,316334,2166733,0.274,135.48,103.14,1e-06,2.289214690409519e-07,0.0001421360650976,0.0001694774736303,0.000311613538728,8
HPF-H-F,316971,2160236,0.265,135.2,102.94,1e-06,2.259658537948605e-07,0.0001337656847902,0.0001641430673434,0.0002979087521336,8
HPF-H-F,320248,2198821,0.267,137.6,104.43,1e-06,2.247796472563128e-07,0.0001406910772749,0.0001746850462728,0.0003153761235478,8
HPF-H-F,289604,1903511,0.149,120.51,92.23,1e-06,2.232849019428623e-07,0.0001010915375398,0.0001274027599104,0.0002284942974503,8
HPF-H-F,316576,2155740,0.289,135.27,102.94,1e-06,2.2314020581965893e-07,0.0001342026106953,0.0001693993328156,0.000303601943511,8
HPF-H-F,324990,2246124,0.279,140.17,106.31,1e-06,2.234978631933426e-07,0.0001472705878163,0.0001852253017832,0.0003324958895996,8
HPF-H-F,300204,1979505,0.235,125.22,96.24,1e-06,2.24445269786697e-07,0.0001149329980574,0.0001431731798379,0.0002581061778954,8
HPF-H-F,301667,1985679,0.197,125.73,96.47,1e-06,2.2367839849091058e-07,0.0001140071134278,0.0001431175558666,0.0002571246692945,8
HPF-H-F,301270,1984118,0.214,125.4,95.21,1e-06,2.2374490904893093e-07,0.0001140778293177,0.0001431105497939,0.0002571883791117,8
HPF-H-F,311472,2119835,0.219,132.88,101.28,1e-06,2.250723129537802e-07,0.0001283649135251,0.0001589122035679,0.0002872771170931,8
HPF-H-F,312807,2141643,0.212,133.98,100.88,1e-06,2.1983911410378306e-07,0.0001257579200507,0.0001642338215866,0.0002899917416373,8
HPF-H-F,317375,2163213,0.207,135.46,102.08,1e-06,2.200044560569769e-07,0.0001259191204574,0.0001641601891361,0.0002900793095935,8
HPF-H-F,310612,2116941,0.206,132.71,100.26,1e-06,2.201422326884207e-07,0.000118076116683,0.0001537102008157,0.0002717863174987,8
HPF-H-F,307470,2054452,0.211,129.61,98.03,1e-06,2.1967230637396685e-07,0.000113449049648,0.0001484152333481,0.0002618642829961,8
HPF-H-F,317904,2165783,0.204,135.77,103.26,1e-06,2.197026600408358e-07,0.0001255631335059,0.0001642165499314,0.0002897796834374,8
HPF-H-F,303355,2025254,0.207,127.82,97.42,1e-06,2.195291427771876e-07,0.0001134156498991,0.000148589186266,0.0002620048361651,8
HPF-H-F,311309,2097522,0.239,131.91,99.42,1e-06,2.193076073007312e-07,0.0001210206509831,0.0001589303993753,0.0002799510503584,8
HPF-H-F,314478,2153113,0.229,134.74,101.46,1e-06,2.1970655451143581e-07,0.0001215447725135,0.0001589500938079,0.0002804948663214,8
HPF-H-F,313416,2138608,0.228,133.97,101.9,1e-06,2.185523786791681e-07,0.0001279703220984,0.0001694123833433,0.0002973827054417,8
HPF-H-F,289055,1878030,0.165,119.23,91.74,1e-06,2.2024555842158305e-07,9.391028929483376e-05,0.0001221076425803,0.0002160179318752,8
HPF-H-F,307925,2073051,0.195,130.37,98.54,1e-06,2.200526281038143e-07,0.0001139063716805,0.0001484199540174,0.000262326325698,8
HPF-H-F,302434,1995091,0.202,126.18,95.93,1e-06,2.2028930954610523e-07,0.0001101077536416,0.0001431132847849,0.0002532210384266,8
HPF-H-F,317868,2179791,0.17,136.32,102.69,1e-06,2.1943691737683042e-07,0.0001252304076842,0.0001642375931267,0.0002894680008109,8
HPF-H-F,7798786,46920181,3.088,3070.39,2394.21,4e-06,2.470998143811929e-07,0.0007816338408621,0.0007939380083518,0.0015755718492139,8
HPF-H-F,7798786,202895861,6.753,10210.58,7382.26,1.3e-05,2.46853711916658e-07,0.0027547949221675,0.0028039250828066,0.0055587200049741,8
HPF-H-F,7798786,46920181,1.918,3070.5,2336.8,3e-06,2.4713804152513424e-07,0.0007020994077901,0.0007129509054527,0.0014150503132429,8
HPF-H-F,7798786,202895861,4.909,10210.52,7273.12,1.2e-05,2.3781625397051665e-07,0.0024219866195321,0.0026618173516192,0.0050838039711514,8
HPF-H-L,7798786,46920181,3.142,3070.4,2390.59,3e-06,2.265051387803684e-07,0.0006331712218143,0.0007730366331528,0.0014062078549672,8
HPF-H-L,7798786,202895861,6.648,10210.57,7355.12,1.2e-05,2.2683815536532866e-07,0.0022559086069476,0.0027453038116225,0.0050012124185702,8
HPF-H-L,7798786,46920181,1.993,3070.41,2331.41,3e-06,2.2785304463409545e-07,0.0005848845804072,0.0007047642783172,0.0012896488587245,8
HPF-H-L,7798786,202895861,4.812,10210.58,7248.79,1.3e-05,2.490081261344837e-07,0.0027007948242452,0.0027013733256968,0.0054021681499421,8
HPF-L-F,7798786,46920181,1.661,3070.47,2324.28,3e-06,2.487374197278776e-07,0.0007068654146585,0.0007085497180766,0.0014154151327352,8
HPF-L-F,7798786,202895861,3.547,10210.63,7193.33,1.2e-05,2.479236636036114e-07,0.0025988002559829,0.0026222083886533,0.0052210086446363,8
HPF-L-F,7798786,46920181,1.164,3070.51,2296.87,3e-06,2.464256826797911e-07,0.0006621399311004,0.0006763006781598,0.0013384406092602,8
HPF-L-F,7798786,202895861,2.995,10210.62,7162.89,1.2e-05,2.4686473940025813e-07,0.0025326107971981,0.0025775277159447,0.0051101385131428,8
HPF-L-L,7798786,46920181,1.275,3070.5,2302.56,3e-06,2.47202750305704e-07,0.0006885288922115,0.0006988029596965,0.0013873318519081,8
HPF-L-L,7798786,202895861,2.473,10210.63,7121.27,1.1e-05,2.353903820136331e-07,0.0022541959636331,0.0025316086917925,0.0047858046554256,8
HPF-L-L,7798786,46920181,0.911,3070.47,2266.22,3e-06,2.2711192775973218e-07,0.0005330097397407,0.0006468951046633,0.0011799048444041,8
HPF-L-L,7798786,202895861,2.108,10210.53,7074.29,1.1e-05,2.2693973787851562e-07,0.0020520811797191,0.0024947677769352,0.0045468489566544,8
HPF-H-F,4161602,25138821,6.849,1642.97,1427.68,3e-06,2.2480600921106215e-07,0.0005487653442897,0.000681330606406,0.0012300959506957,8
HPF-H-F,4161602,25138821,5.412,1642.96,1399.38,3e-06,2.244852625835913e-07,0.0004878241705367,0.0006076055532846,0.0010954297238214,8
HPF-H-F,4161602,108370821,15.877,5453.18,4411.54,9e-06,2.2490603842374406e-07,0.0016863307179523,0.0020916539695983,0.0037779846875507,8
HPF-H-F,4161602,108370821,13.139,5453.18,4332.57,8e-06,2.256365281970647e-07,0.0015874709099757,0.0019548037891252,0.0035422746991009,8
HPF-H-L,4161602,25138821,6.535,1642.98,1421.33,3e-06,2.2493656691925083e-07,0.0005367283846601,0.0006655182749276,0.0012022466595878,8
HPF-H-L,4161602,25138821,5.219,1642.89,1394.6,3e-06,2.2374471732095738e-07,0.000476362229145,0.0005977563263338,0.0010741185554788,8
HPF-H-L,4161602,108370821,13.552,5453.13,4348.32,8e-06,2.2518761560396e-07,0.0015889352767027,0.0019653307693142,0.003554266046017,8
HPF-H-L,4161602,108370821,11.293,5453.17,4274.76,8e-06,2.2514331722390925e-07,0.0014965856703231,0.0018519135042976,0.0033484991746207,8
HPF-L-F,4161602,25138821,6.907,1642.98,1429.18,3e-06,2.1804981098635745e-07,0.000511901208965,0.0006814695039832,0.0011933707129483,8
HPF-L-F,4161602,25138821,4.548,1642.99,1381.1,2e-06,2.239235107968792e-07,0.0004482752561199,0.0005614978019196,0.0010097730580395,8
HPF-L-F,4161602,108370821,14.531,5453.12,4374.27,9e-06,2.242701747386213e-07,0.0016207787363441,0.0020231578320396,0.0036439365683837,8
HPF-L-F,4161602,108370821,10.98,5453.13,4261.56,8e-06,2.245726384711135e-07,0.0014748022615075,0.0018353657974427,0.0033101680589503,8
HPF-L-L,4161602,25138821,5.205,1643.0,1393.9,3e-06,2.2417118989629106e-07,0.000474205742142,0.0005925041071495,0.0010667098492915,8
HPF-L-L,4161602,25138821,3.539,1642.97,1351.73,2e-06,2.2443827769406185e-07,0.0004086802091661,0.0005092601989985,0.0009179404081646,8
HPF-L-L,4161602,108370821,10.906,5453.11,4259.46,8e-06,2.248319446407853e-07,0.001491089633704,0.0018508411130949,0.003341930746799,8
HPF-L-L,4161602,108370821,7.899,5453.18,4145.62,7e-06,2.2512515494747242e-07,0.001347243637794,0.0016674050823583,0.0030146487201524,8
HPF-H-F,12582914,75826316,16.447,4957.85,4228.89,8e-06,2.314611805462035e-07,0.0015910988331558,0.0018525780540372,0.003443676887193,8
HPF-H-F,12582914,327484556,41.313,16478.03,13119.98,2.7e-05,2.320680430198363e-07,0.005261779001642,0.0060920191656004,0.0113537981672424,8
HPF-H-F,12582914,75826316,11.099,4957.88,4100.22,7e-06,2.216179942991388e-07,0.0012122678317579,0.0015545846130646,0.0027668524448226,8
HPF-H-F,12582914,327484556,33.169,16478.02,12882.71,2.4e-05,2.2034141524272385e-07,0.0042991195459595,0.005586578243263,0.0098856977892225,8
HPF-H-L,12582914,75826316,16.034,4957.94,4225.11,8e-06,2.1999285437678935e-07,0.0013971855835809,0.0018221988847502,0.0032193844683312,8
HPF-H-L,12582914,327484556,37.3,16477.95,13008.77,2.4e-05,2.199557256865032e-07,0.0044694281180396,0.0058313760266306,0.0103008041446702,8
HPF-H-L,12582914,75826316,10.978,4957.85,4097.05,6e-06,2.197090393310031e-07,0.0011808612807993,0.0015446752962551,0.0027255365770544,8
HPF-H-L,12582914,327484556,29.854,16477.95,12765.67,2.3e-05,2.2017944443136386e-07,0.0041459691806615,0.0053967129841976,0.0095426821648592,8
HPF-L-F,12582914,75826316,19.293,4957.91,4290.04,8e-06,2.1944762102584805e-07,0.0015169020171317,0.0019896976203162,0.0035065996374479,8
HPF-L-F,12582914,327484556,42.1,16478.07,13162.06,2.5e-05,2.199018553990904e-07,0.004647913250272,0.0060676749324526,0.0107155881827246,8
HPF-L-F,12582914,75826316,12.273,4957.91,4136.34,7e-06,2.1935547236253978e-07,0.0012238634399232,0.0016068694134938,0.0028307328534171,8
HPF-L-F,12582914,327484556,31.692,16478.0,12835.34,2.3e-05,2.197916290584465e-07,0.004202189242582,0.0054921563793737,0.0096943456219557,8
HPF-L-L,12582914,75826316,14.439,4957.98,4186.59,7e-06,2.195489552728073e-07,0.0013268522178698,0.0017385504124924,0.0030654026303622,8
HPF-L-L,12582914,327484556,34.356,16478.0,12919.71,2.4e-05,2.2113712095355426e-07,0.0043961966558433,0.0056656696321923,0.0100618662880357,8
HPF-L-L,12582914,75826316,9.99,4957.91,4069.52,6e-06,2.196675184348872e-07,0.0011361803189435,0.001486876609705,0.0026230569286485,8
HPF-L-L,12582914,327484556,25.633,16477.96,12604.83,2.2e-05,2.204428397882964e-07,0.0039852550470903,0.0051732620913121,0.0091585171384025,8
HPF-H-F,491522,12802789,0.157,645.48,441.52,1e-06,2.377946857631053e-07,0.0001537557821711,0.000168975696454,0.0003227314786252,8
HPF-H-F,3899394,101476818,2.606,5107.2,3630.35,6e-06,2.4048758641385933e-07,0.0012840706836446,0.0013787028464318,0.0026627735300764,8
HPF-H-F,1949698,11759514,0.352,769.75,571.31,1e-06,2.4082855819695785e-07,0.0001653466428327,0.0001769727850318,0.0003423194278646,8
HPF-H-F,1949698,11759514,0.438,769.76,573.82,1e-06,2.406319905352743e-07,0.0001744380167725,0.000187024463756,0.0003614624805286,8
HPF-H-F,491522,2972389,0.064,195.39,142.79,1e-06,2.44427064311878e-07,0.0002899163294328,0.0003010254682579,0.0005909417976908,8
HPF-H-F,983042,5929493,0.16,389.03,284.62,1e-06,2.4176004992771345e-07,0.0001077092120006,0.0001143507086878,0.0002220599206885,8
HPF-H-F,3899394,23488978,1.025,1536.96,1155.51,2e-06,2.3309594112940666e-07,0.0003812354435992,0.0004371749165733,0.0008184103601725,8
HPF-H-F,983042,25590293,0.479,1288.97,901.05,2e-06,2.2561617867171442e-07,0.0003163597811431,0.000389616133865,0.0007059759150082,8
HPF-H-F,983042,25590293,0.354,1288.94,891.33,1e-06,2.247953235995963e-07,0.0002546563478915,0.000316180852411,0.0005708372003025,8
HPF-H-F,1949698,50753434,1.127,2554.85,1800.68,3e-06,2.288245435798359e-07,0.0005553213562011,0.0006629066333127,0.0012182279895139,8
HPF-H-F,3899394,23488978,1.237,1537.02,1176.74,2e-06,2.2552098449052053e-07,0.0003091212956301,0.0003810573355922,0.0006901786312224,8
HPF-H-F,1949698,50753434,0.974,2554.84,1794.04,3e-06,2.2754548229954626e-07,0.0005576017613588,0.0006738916932655,0.0012314934546243,8
HPF-H-F,3899394,101476818,2.515,5107.15,3629.02,6e-06,2.26839929190045e-07,0.0011046435262141,0.0013442467809658,0.0024488903071799,8
HPF-H-F,491522,2972389,0.086,195.33,142.73,1e-06,2.303322548926133e-07,0.00023813636412,0.0002801937539942,0.0005183301181142,8
HPF-H-F,491522,12802789,0.167,645.48,446.86,1e-06,2.224586374984829e-07,0.0001282290934165,0.0001629851046429,0.0002912141980594,8
HPF-H-L,491522,12802789,0.149,645.43,442.12,1e-06,2.223370158332292e-07,0.0001245233335074,0.0001584678487131,0.0002829911822206,8
HPF-H-L,3899394,101476818,2.292,5107.22,3612.17,6e-06,2.2315694237334334e-07,0.0010445960248428,0.0013186348644957,0.0023632308893385,8
HPF-H-L,1949698,11759514,0.434,769.76,578.4,1e-06,2.231074324143876e-07,0.0001399140160977,0.0001766675650365,0.0003165815811343,8
HPF-H-L,1949698,11759514,0.456,769.79,580.01,1e-06,2.2410252978635579e-07,0.0001453131087503,0.0001816450737366,0.000326958182487,8
HPF-H-L,491522,2972389,0.069,195.35,142.75,1e-06,2.274768662374041e-07,0.0002229709175432,0.0002696199917224,0.0004925909092656,8
HPF-H-L,3899394,23488978,0.933,1536.99,1159.2,1e-06,2.2227692437473525e-07,0.0002717190518195,0.0003460641129071,0.0006177831647266,8
HPF-H-L,983042,25590293,0.421,1288.98,900.64,1e-06,2.2412789482856497e-07,0.0002606974105022,0.0003258534913612,0.0005865509018634,8
HPF-H-L,983042,25590293,0.375,1288.99,898.45,1e-06,2.2286346795071857e-07,0.0002534374777498,0.0003208507433154,0.0005742882210653,8
HPF-H-L,1949698,50753434,1.178,2554.84,1806.22,3e-06,2.2665150365354818e-07,0.0005523474571553,0.0006733848832063,0.0012257323403617,8
HPF-H-L,3899394,23488978,1.179,1537.05,1175.42,2e-06,2.2542940529772897e-07,0.0003024001160865,0.0003731092645464,0.000675509380633,8
HPF-H-L,1949698,50753434,0.965,2554.84,1792.07,3e-06,2.248848821182614e-07,0.0005213711187632,0.0006468046425639,0.0011681757613271,8
HPF-H-L,3899394,101476818,2.514,5107.19,3630.52,6e-06,2.2493672224743214e-07,0.0010752253957351,0.0013332479461499,0.0024084733418851,8
HPF-H-L,491522,2972389,0.086,195.29,142.69,1e-06,2.2205133171607505e-07,0.0001619984129319,0.0002067767432788,0.0003687751562107,8
HPF-H-L,491522,12802789,0.177,645.49,445.83,1e-06,2.2136723316886205e-07,0.0001272314926184,0.0001635401079902,0.0002907716006087,8
HPF-L-F,491522,12802789,0.134,645.5,441.37,1e-06,2.220258332040485e-07,0.0001239886833575,0.0001582907361937,0.0002822794195513,8
HPF-L-F,3899394,101476818,2.029,5107.12,3600.6,6e-06,2.221737821200776e-07,0.001023477049892,0.0013049815523618,0.0023284586022539,8
HPF-L-F,1949698,11759514,0.335,769.7,568.24,1e-06,2.2160496253082665e-07,0.0001299020641993,0.0001665634469195,0.0002964655111188,8
HPF-L-F,1949698,11759514,0.486,769.71,581.02,1e-06,2.212934908192304e-07,0.000141320552223,0.0001817908400125,0.0003231113922355,8
HPF-L-F,3899394,23488978,0.986,1537.01,1164.87,1e-06,2.2121739532090809e-07,0.000273609324165,0.0003522885901549,0.0006258979143199,8
HPF-L-F,983042,25590293,0.422,1288.94,894.22,1e-06,2.2235630550614962e-07,0.000253121316108,0.0003221142716714,0.0005752355877794,8
HPF-L-F,983042,25590293,0.325,1289.02,891.37,1e-06,2.2215352684546545e-07,0.0002482228466336,0.0003165325297868,0.0005647553764205,8
HPF-L-F,1949698,50753434,1.042,2554.79,1798.56,3e-06,2.222098719621826e-07,0.0005157384653682,0.0006573402023821,0.0011730786677503,8
HPF-L-F,3899394,23488978,1.454,1537.0,1184.45,2e-06,2.216566382537129e-07,0.0002989329694239,0.0003831591074548,0.0006820920768788,8
HPF-L-F,1949698,50753434,0.766,2554.86,1782.48,3e-06,2.216962765611281e-07,0.0004925610159929,0.0006311148861368,0.0011236759021297,8
HPF-L-F,3899394,101476818,2.652,5107.19,3640.68,6e-06,2.209637520399241e-07,0.0010325125768427,0.0013330250131656,0.0023655375900084,8
HPF-L-F,491522,12802789,0.171,645.48,442.7,1e-06,2.2181710093330386e-07,0.0001236215408415,0.0001581582202621,0.0002817797611037,8
HPF-L-L,491522,12802789,0.125,645.48,443.76,1e-06,2.2190960366209762e-07,0.0001238518971369,0.0001583042987516,0.0002821561958886,8
HPF-L-L,3899394,101476818,1.639,5107.13,3578.82,5e-06,2.213482400563817e-07,0.0009995275921214,0.0012853135205514,0.0022848411126728,8
HPF-L-L,1949698,11759514,0.294,769.7,568.41,1e-06,2.212710344513707e-07,0.0001292213197658,0.0001662628102196,0.0002954841299854,8
HPF-L-L,1949698,11759514,0.415,769.74,572.63,1e-06,2.218105375901788e-07,0.0001336828463906,0.0001710173484697,0.0003047001948603,8
HPF-L-L,3899394,23488978,0.76,1537.02,1147.34,1e-06,2.212432332760727e-07,0.0002610301868795,0.0003360002578532,0.0005970304447328,8
HPF-L-L,983042,25590293,0.307,1288.95,891.58,1e-06,2.2180502310341978e-07,0.0002465978731114,0.0003155842871919,0.0005621821603034,8
HPF-L-L,983042,25590293,0.272,1289.02,887.81,1e-06,2.219625366755405e-07,0.0002429775285485,0.0003104488109092,0.0005534263394578,8
HPF-L-L,1949698,50753434,0.799,2554.84,1785.25,3e-06,2.2228702098052386e-07,0.0005036065795516,0.0006413688792605,0.0011449754588121,8
HPF-L-L,3899394,23488978,1.149,1537.0,1171.46,2e-06,2.2189145171346933e-07,0.0002835163973684,0.000362518268085,0.0006460346654535,8
HPF-L-L,1949698,50753434,0.619,2554.84,1772.62,3e-06,2.208937910366564e-07,0.0004849117134846,0.0006264862448904,0.001111397958375,8
HPF-L-L,3899394,101476818,2.154,5107.22,3603.44,6e-06,2.2138682441765362e-07,0.0010177315497401,0.001308201098793,0.0023259326485331,8
HPF-L-L,491522,12802789,0.137,645.48,442.81,1e-06,2.2181830612356885e-07,0.0001238117668271,0.0001584046067304,0.0002822163735576,8
HPF-H-F,814802,6513526,0.065,390.21,284.64,8e-05,3.0628152480177667e-05,9.85436632793095e-05,0.0001376238207458,0.0002361674840251,8
HPF-H-F,511602,4087442,0.031,243.57,177.24,5e-05,3.170618364532566e-05,6.405802985749373e-05,8.248221941409071e-05,0.0001465402492715,8
HPF-H-F,707602,5654862,0.049,335.8,243.77,7e-05,3.011094176070417e-05,8.327474550863523e-05,0.0001211984391714,0.00020447318468,8
HPF-H-F,426402,3406668,0.026,203.86,148.91,3.8e-05,3.0275893578092204e-05,4.612377967676967e-05,6.621542984946985e-05,0.0001123392095262,8
HPF-H-F,340202,2717499,0.021,163.63,119.57,0.000183,3.1797423961019985e-05,0.0002357112210688,0.0003016549782538,0.0005373661993226,8
HPF-H-F,678202,5417409,0.043,322.25,233.89,5.9e-05,2.9417958932454235e-05,6.801557663464047e-05,0.0001049011525843,0.000172916729219,8
HPF-H-F,989002,7903455,0.081,473.04,343.06,8.3e-05,2.931692000668165e-05,9.582075415654616e-05,0.0001491264433935,0.0002449471975501,8
HPF-H-F,669402,5348653,0.051,318.01,230.73,6.2e-05,2.933646982386523e-05,7.098057428440996e-05,0.0001102508823138,0.0001812314565982,8
HPF-H-L,814802,6513526,0.31,390.21,296.81,6.2e-05,2.934359375388759e-05,7.167264400473328e-05,0.0001112721953748,0.0001829448393795,8
HPF-H-L,511602,4087442,0.103,245.36,182.36,3.7e-05,2.9335438697644668e-05,4.2950855471762805e-05,6.669562682318286e-05,0.0001096464822949,8
HPF-H-L,707602,5654862,0.141,338.68,248.53,5e-05,2.935340970369924e-05,5.780393818755752e-05,8.964437394922556e-05,0.0001474483121367,8
HPF-H-L,426402,3406668,0.093,204.92,154.32,3.1e-05,2.9382713937671068e-05,3.61794406101984e-05,5.59421294379888e-05,9.21215700481872e-05,8
HPF-H-L,340202,2717499,0.063,163.58,121.25,2.5e-05,2.934138148863762e-05,2.893212203457229e-05,4.489415220467237e-05,7.382627423924466e-05,8
HPF-H-L,678202,5417409,0.14,324.77,238.48,4.7e-05,2.951028450169276e-05,5.509320213008262e-05,8.428715109388633e-05,0.0001393803532239,8
HPF-H-L,989002,7903455,0.287,473.05,354.88,7.2e-05,2.944484106412531e-05,8.368796972810233e-05,0.0001287994036481,0.0002124873733762,8
HPF-H-L,669402,5348653,0.141,320.66,235.4,4.7e-05,2.948605885069485e-05,5.479380827946162e-05,8.400427310237575e-05,0.0001387980813818,8
HPF-L-F,814802,6513526,0.114,390.2,286.66,5.7e-05,2.9486806207578743e-05,6.564261862516962e-05,0.0001006518883026,0.0001662945069278,8
HPF-L-F,511602,4087442,0.04,243.56,176.65,3.5e-05,2.945780384270019e-05,4.0112556256688414e-05,6.163917804172741e-05,0.0001017517342984,8
HPF-L-F,707602,5654862,0.044,335.9,242.49,4.8e-05,3.0042017093166222e-05,5.771470811617718e-05,8.445839399793443e-05,0.0001421731021141,8
HPF-L-F,426402,3406668,0.029,203.01,148.54,2.9e-05,2.946646701917983e-05,3.305322560922391e-05,5.073164696498368e-05,8.378487257420759e-05,8
HPF-L-F,340202,2717499,0.025,119.23,115.04,2.3e-05,2.9887898698052608e-05,2.662080962996527e-05,3.941390471049289e-05,6.603471434045816e-05,8
HPF-L-F,678202,5417409,0.043,324.7,238.42,4.7e-05,2.9469952740299853e-05,5.479448661332986e-05,8.411875557768269e-05,0.000138913242191,8
HPF-L-F,989002,7903455,0.114,473.02,349.61,6.9e-05,2.9423258081082024e-05,7.987429667716262e-05,0.0001231577916876,0.0002030320883647,8
HPF-L-F,669402,5348653,0.063,320.64,235.36,4.8e-05,2.9956153161652485e-05,5.695580528683464e-05,8.393700980882245e-05,0.0001408928150956,8
HPF-L-L,814802,6513526,0.108,390.25,286.64,5.7e-05,2.942299460037217e-05,6.61124359454604e-05,0.0001019330504815,0.000168045486427,8
HPF-L-L,511602,4087442,0.038,243.57,176.65,3.5e-05,2.936648247645065e-05,3.9836711591571816e-05,6.168396195756144e-05,0.0001015206735491,8
HPF-L-L,707602,5654862,0.045,335.86,242.38,4.7e-05,2.9450946668640472e-05,5.486155722254221e-05,8.437217309583786e-05,0.0001392337303183,8
HPF-L-L,426402,3406668,0.029,202.86,148.61,2.8e-05,2.94729709755149e-05,3.299432667321772e-05,5.062427047074465e-05,8.361859714396238e-05,8
HPF-L-L,340202,2717499,0.025,163.59,121.27,2.6e-05,3.0445815202829253e-05,3.1787697930135694e-05,4.500161611871363e-05,7.678931404884933e-05,8
HPF-L-L,678202,5417409,0.047,324.79,238.49,4.7e-05,2.948505010288996e-05,5.4915285043311e-05,8.42062752882697e-05,0.0001391215603315,8
HPF-L-L,989002,7903455,0.104,473.02,343.7,6.7e-05,2.955859682476265e-05,7.741258359667685e-05,0.0001179811781437,0.0001953937617403,8
HPF-L-L,669402,5348653,0.063,320.71,235.43,4.7e-05,2.9425226736380963e-05,5.4559264202933e-05,8.409306664436685e-05,0.0001386523308472,8
HPF-H-F,3582102,31910974,2.74,1868.32,1461.34,3e-06,2.341768419355807e-07,0.0005608173928202,0.0006367904794233,0.0011976078722436,8
HPF-H-F,13902102,126893494,13.111,7385.68,5875.64,1.1e-05,2.2170039088720769e-07,0.0020634447357544,0.0026438378784589,0.0047072826142134,8
HPF-H-L,3582102,31910974,2.348,1868.34,1448.39,3e-06,2.206638728757317e-07,0.0004680219760839,0.0006061104748496,0.0010741324509335,8
HPF-H-L,13902102,126893494,11.565,7385.73,5824.59,1.1e-05,2.270894203195637e-07,0.00209697539119,0.0025456324582991,0.0046426078494892,8
HPF-L-F,3582102,31910974,4.758,1868.32,1525.68,3e-06,2.2122758921154134e-07,0.0005672841407713,0.0007303880892268,0.0012976722299982,8
HPF-L-F,13902102,126893494,23.894,7386.06,6158.93,1.4e-05,2.211869899005486e-07,0.0024923883950202,0.0032103859972853,0.0057027743923055,8
HPF-L-L,3582102,31910974,3.431,1868.28,1487.27,3e-06,2.2156330527018337e-07,0.0005141989238588,0.0006597469944232,0.001173945918282,8
HPF-L-L,13902102,126893494,17.547,7385.68,5996.08,1.2e-05,2.259371658492412e-07,0.0023573737636752,0.0028942723956793,0.0052516461593546,8
HPF-H-F,17203202,86175090,30.612,5849.73,5236.98,1.1e-05,2.1176968980733485e-07,0.0019347760883751,0.0027611335729562,0.0046959096613314,8
HPF-H-F,18900002,93749846,34.098,6390.27,5724.83,1.2e-05,2.1047168656616935e-07,0.0021156689517004,0.0030648904604466,0.0051805594121471,8
HPF-H-L,17203202,86175090,31.466,5849.71,5249.83,1.1e-05,2.1399922479907106e-07,0.0020151868152037,0.0028042366307869,0.0048194234459906,8
HPF-H-L,18900002,93749846,37.447,6390.27,5760.19,1.4e-05,2.181738258658306e-07,0.0024435587620676,0.0032487672618261,0.0056923260238938,8
HPF-L-F,17203202,86175090,67.955,5849.7,5497.3,1.9e-05,2.1130316649314133e-07,0.0032832115710115,0.0047107306761255,0.0079939422471371,8
HPF-L-F,18900002,93749846,53.947,6390.32,5898.79,1.7e-05,2.1077313008693088e-07,0.0028425402309748,0.004103495520543,0.0069460357515178,8
HPF-L-L,17203202,86175090,68.233,5849.64,5498.16,1.9e-05,2.109888475079908e-07,0.0032822252788336,0.0047264038477673,0.008008629126601,8
HPF-L-L,18900002,93749846,50.804,6390.34,5879.54,1.6e-05,2.1104182966585306e-07,0.0027309946611828,0.0039302179081092,0.0066612125692921,8
HPF-H-F,16777218,115543302,1.539,7199.83,5297.0,0.001156,3.810515850818191e-05,0.0018034043168889,0.0015893460926324,0.0033927504095214,8
HPF-H-F,134217730,921311210,10.095,57444.17,42190.24,0.009342,3.8049339744382646e-05,0.0145512605868324,0.0128598301511607,0.0274110907379932,8
HPF-H-L,16777218,115543302,1.335,7199.91,5282.52,0.00115,3.7991986686104825e-05,0.0017884796880048,0.0015850439393704,0.0033735236273752,8
HPF-H-L,134217730,921311210,8.861,57444.1,42108.0,0.009128,3.753570174014268e-05,0.0140464135548996,0.0127375689244763,0.026783982479376,8
HPF-L-F,16777218,115543302,3.018,7199.91,5389.5,0.00118,3.712730271884158e-05,0.0017981491993515,0.0016651073777419,0.0034632565770934,8
HPF-L-F,134217730,921311210,25.919,57444.1,43169.9,0.008823,3.418581434897262e-05,0.0123714693318897,0.0135193579841398,0.0258908273160295,8
HPF-L-L,16777218,115543302,2.143,7199.84,5336.39,0.000959,3.182592690101564e-05,0.0012363264746159,0.0015791316132593,0.0028154580878753,8
HPF-L-L,134217730,921311210,17.53,57444.09,42680.2,0.008755,3.4614550952361496e-05,0.0124417075505802,0.0132484112220787,0.025690118772659,8
HPF-H-F,10097942,70432265,65.398,4343.02,4113.03,0.00294,3.590917596168724e-05,0.0043381099560407,0.0042881826785122,0.0086262926345529,8
HPF-H-F,15935886,111222584,107.687,6856.18,6490.95,0.005112,3.773703745950013e-05,0.0079039385392568,0.0070948618435508,0.0149988003828077,8
HPF-H-F,4918399,34306066,26.818,2116.25,1983.86,0.001321,3.7723037408365845e-05,0.0020423332552541,0.0018345414661732,0.0038768747214274,8
HPF-H-F,8177546,57003931,52.786,3515.64,3321.8,0.002526,3.777705593164662e-05,0.0039091499700952,0.003501926254649,0.0074110762247442,8
HPF-H-L,10097942,70432265,31.946,4343.02,3945.9,0.001831,3.773133990561935e-05,0.0028308149063167,0.0025417412905044,0.0053725561968212,8
HPF-H-L,15935886,111222584,58.363,6856.2,6280.4,0.003193,3.730108945637203e-05,0.0048854384164031,0.0044836333996324,0.0093690718160355,8
HPF-H-L,4918399,34306066,14.472,2116.24,1910.94,0.00086,3.802291671087796e-05,0.0013387939118676,0.001184696262979,0.0025234901748466,8
HPF-H-L,8177546,57003931,27.018,3515.7,3192.49,0.001559,3.7700100889241184e-05,0.0024085492446156,0.0021660094568679,0.0045745587014835,8
HPF-L-F,10097942,70432265,7.107,4342.96,3508.61,0.000909,3.831304492442421e-05,0.0014248129117938,0.001242939443963,0.0026677523557569,8
HPF-L-F,15935886,111222584,9.533,6856.18,5477.45,0.001372,3.74137367863656e-05,0.0021054461574111,0.0019211300434695,0.0040265762008806,8
HPF-L-F,4918399,34306066,3.934,2116.59,1725.18,0.000446,3.711532724768359e-05,0.0006789065981248,0.0006290572737629,0.0013079638718877,8
HPF-L-F,8177546,57003931,4.214,3515.73,2779.05,0.000667,3.7216900356322095e-05,0.001018340493005,0.0009386120423546,0.0019569525353597,8
HPF-L-L,10097942,70432265,6.956,4343.07,3505.24,0.000877,3.7290294066508507e-05,0.0013418517845916,0.0012321464827814,0.0025739982673731,8
HPF-L-L,15935886,111222584,9.613,6856.12,5482.64,0.001371,3.735339308684829e-05,0.0021000595769907,0.0019221495082261,0.0040222090852169,8
HPF-L-L,4918399,34306066,3.979,2116.24,1722.86,0.000451,3.751419180614448e-05,0.0006931775420415,0.0006292544678596,0.0013224320099012,8
HPF-L-L,8177546,57003931,4.675,3515.71,2799.59,0.00069,3.72734657420817e-05,0.0010555712286229,0.0009700978701769,0.0020256690987999,8
HPF-H-F,1984082,24853004,1.551,1366.07,1038.67,2e-06,2.2357072910413201e-07,0.0003453409854392,0.0004340946298871,0.0007794356153264,8
HPF-H-F,15058302,205053332,14.136,11111.93,8517.26,1.6e-05,2.239343963282563e-07,0.0029635443513891,0.0037118082741888,0.006675352625578,8
HPF-H-F,8416346,113057910,7.574,6140.24,4697.41,9e-06,2.242906460042953e-07,0.0016266416785345,0.0020300603372735,0.0036567020158081,8
HPF-H-F,15058302,205053332,14.012,11111.92,8505.45,1.6e-05,2.243543546504001e-07,0.0029829309477317,0.0037203761141669,0.0067033070618986,8
HPF-H-F,15058302,205053332,13.874,11111.91,8506.27,1.6e-05,2.242554807431497e-07,0.0029583478275096,0.0036933724494681,0.0066517202769778,8
HPF-H-L,1984082,24853004,1.437,1366.0,1032.38,2e-06,2.2404151503117137e-07,0.0003385928828185,0.0004235994829947,0.0007621923658132,8
HPF-H-L,15058302,205053332,12.254,11111.84,8443.88,1.5e-05,2.240405705066662e-07,0.0028711197568939,0.0035922057209729,0.0064633254778669,8
HPF-H-L,8416346,113057910,6.733,6140.25,4665.96,8e-06,2.239019445190243e-07,0.0015665373293399,0.0019626900793479,0.0035292274086879,8
HPF-H-L,15058302,205053332,12.339,11111.91,8452.01,1.5e-05,2.2396256064026537e-07,0.0028681470109046,0.003591303186446,0.0064594501973507,8
HPF-H-L,15058302,205053332,12.16,11111.89,8442.14,1.5e-05,2.191886330571399e-07,0.002746021388482,0.0036117768291998,0.0063577982176818,8
HPF-L-F,1984082,24853004,1.449,1366.1,1036.42,2e-06,2.16493933629451e-07,0.0003129539748074,0.0004236485255037,0.0007366025003111,8
HPF-L-F,15058302,205053332,13.376,11111.95,8496.99,1.5e-05,2.1650145532156242e-07,0.0026720233428947,0.0036171103987543,0.0062891337416491,8
HPF-L-F,8416346,113057910,6.857,6140.25,4675.72,8e-06,2.162092409016522e-07,0.0014372646723108,0.0019518007815442,0.003389065453855,8
HPF-L-F,15058302,205053332,13.453,11111.91,8497.58,1.5e-05,2.164029136494069e-07,0.0026844976014852,0.0036378955807061,0.0063223931821914,8
HPF-L-F,15058302,205053332,13.641,11111.91,8509.71,1.5e-05,2.1947834515600802e-07,0.0027735262904859,0.0036368196177802,0.0064103459082661,8
HPF-L-L,1984082,24853004,1.006,1366.06,1013.09,2e-06,2.239803788740238e-07,0.0003217867124291,0.0004028151127981,0.0007246018252273,8
HPF-L-L,15058302,205053332,10.067,11111.91,8357.02,1.5e-05,2.207103692364586e-07,0.0026644058973563,0.0034489747691342,0.0061133806664905,8
HPF-L-L,8416346,113057910,5.509,6140.27,4617.43,8e-06,2.2228248061418849e-07,0.0014919954108175,0.0019002586406155,0.0033922540514331,8
HPF-L-L,15058302,205053332,11.62,11111.89,8424.59,1.5e-05,2.214705714579023e-07,0.0027548015174505,0.0035380323439051,0.0062928338613557,8
HPF-L-L,15058302,205053332,10.197,11111.85,8359.19,1.5e-05,2.242279718586159e-07,0.0027863778132671,0.0034796247137845,0.0062660025270517,8
HPF-H-F,5062502,30386370,9.248,1991.04,1745.11,4e-06,2.317670700819533e-07,0.0007591845904027,0.0008813854787394,0.0016405700691421,8
HPF-H-F,5062502,131636370,68.87,6626.01,6001.37,2.2e-05,2.2104642958246922e-07,0.0040093897125092,0.0051719656952823,0.0091813554077915,8
HPF-H-F,5062502,30386370,16.286,1991.04,1816.96,5e-06,2.151625483342996e-07,0.0009120379015741,0.0012528369641103,0.0021648748656845,8
HPF-H-F,5062502,131636370,49.433,6625.92,5850.24,1.7e-05,2.143905742394014e-07,0.0029831650343078,0.004133147780456,0.0071163128147639,8
HPF-H-L,5062502,30386370,8.731,1990.95,1737.37,4e-06,2.1887347390286785e-07,0.0006398337399221,0.0008443232416405,0.0014841569815626,8
HPF-H-L,5062502,131636370,62.782,6625.91,5965.09,2e-05,2.135623801670781e-07,0.0034540100001502,0.0048300144592768,0.008284024459427,8
HPF-H-L,5062502,30386370,15.803,1990.95,1814.9,5e-06,2.1171658028983842e-07,0.000855736595422,0.001221949699674,0.002077686295096,8
HPF-H-L,5062502,131636370,46.467,6625.96,5823.4,1.6e-05,2.1119401146962709e-07,0.0027603796633019,0.0039655134909132,0.0067258931542151,8
HPF-L-F,5062502,30386370,8.785,1990.95,1739.12,3e-06,2.125714831214526e-07,0.0005970496795838,0.0008442517572193,0.0014413014368031,8
HPF-L-F,5062502,131636370,85.637,6626.0,6097.75,2.4e-05,2.116795895926725e-07,0.0042250863714552,0.0060359234120177,0.010261009783473,8
HPF-L-F,5062502,30386370,12.874,1990.95,1791.27,4e-06,2.0850032844725165e-07,0.000718113868935,0.0010646877946442,0.0017828016635793,8
HPF-L-F,5062502,131636370,59.468,6626.03,5945.26,1.9e-05,2.0920233250594205e-07,0.0031563294192281,0.0046410065775818,0.00779733599681,8
HPF-L-L,5062502,30386370,7.388,1991.02,1714.68,3e-06,2.109056412647809e-07,0.0005350896783491,0.0007712540493411,0.0013063437276903,8
HPF-L-L,5062502,131636370,65.358,6625.96,5986.89,2e-05,2.0852048452425122e-07,0.003339578150827,0.0049502928424953,0.0082898709933223,8
HPF-L-L,5062502,30386370,9.874,1991.07,1753.04,4e-06,2.087346644731451e-07,0.0006134188557346,0.0009069199787303,0.001520338834465,8
HPF-L-L,5062502,131636370,49.195,6625.96,5852.36,1.8e-05,2.2821499928379162e-07,0.0034250299316884,0.0041127193836942,0.0075377493153826,8
